Main,Surveys,Market_Share,Sales,Warranty_Costs,Fuel_Costs,Maintenance_Costs,Manufacturing_Costs,Depreciation
Sales
Manufacturing_Costs,Fuel_Costs,Fuel_Costs,Main,Maintenance_Costs,Warranty_Costs,Warranty_Costs,Fuel_Costs,Main,Maintenance_Costs,Main,Maintenance_Costs,Warranty_Costs
Maintenance_Costs,Manufacturing_Costs,Fuel_Costs,Fuel_Costs,Manufacturing_Costs,Manufacturing_Costs,Warranty_Costs,Warranty_Costs,Fuel_Costs,Warranty_Costs
Fuel_Costs,Manufacturing_Costs,Manufacturing_Costs,Main,Maintenance_Costs,Manufacturing_Costs,Warranty_Costs,Warranty_Costs,Main,Maintenance_Costs,Main,Maintenance_Costs,Warranty_Costs
Warranty_Costs,Manufacturing_Costs,Fuel_Costs,Fuel_Costs,Manufacturing_Costs,Main,Maintenance_Costs,Manufacturing_Costs,Fuel_Costs,Main,Maintenance_Costs,Main,Maintenance_Costs
Surveys,Survey_Categories,Survey_Details,Survey_Details,Survey_Details
Survey_Categories,Survey_Details,Survey_Details,Survey_Details,Survey_Details,Survey_Details,Survey_Details,Survey_Details,Survey_Details,Survey_Details,Survey_Details,Survey_Details,Survey_Details
Survey_Details
Market_Share
Depreciation
